﻿pos_x,pos_y,rotation,side,designator,mpn,pack,footprint,value,mount_type
183.749,-80.772,180.0,top,BZ1,,,Buzzer_12x9.5RM7.6,Buzzer,tht
127.475,-92.23,90.0,top,J10,,,FanPinHeader_1x03_P2.54mm_Vertical,Conn_01x03_Pin,tht
127.475,-83.34,90.0,top,J11,,,FanPinHeader_1x03_P2.54mm_Vertical,Conn_01x03_Pin,tht
127.475,-65.532,90.0,top,J12,,,FanPinHeader_1x03_P2.54mm_Vertical,Conn_01x03_Pin,tht
127.469,-74.422,90.0,top,J13,,,FanPinHeader_1x03_P2.54mm_Vertical,Conn_01x03_Pin,tht
178.65,-69.36,90.0,top,J6,,,JST_XH_B4B-XH-A_1x04_P2.50mm_Vertical,Conn_01x04_Pin,tht
136.74,-110.0,180.0,top,J8,,,Molex_KK-254_AE-6410-02A_1x02_P2.54mm_Vertical,Conn_01x02,tht
127.475,-101.12,90.0,top,J9,,,FanPinHeader_1x03_P2.54mm_Vertical,Conn_01x03_Pin,tht
143.129,-101.092,180.0,top,R1,,,R_Axial_DIN0204_L3.6mm_D1.6mm_P7.62mm_Horizontal,R,tht
142.715,-92.23,180.0,top,R2,,,R_Axial_DIN0204_L3.6mm_D1.6mm_P7.62mm_Horizontal,R,tht
142.865,-83.34,180.0,top,R3,,,R_Axial_DIN0204_L3.6mm_D1.6mm_P7.62mm_Horizontal,R,tht
142.715,-65.532,180.0,top,R4,,,R_Axial_DIN0204_L3.6mm_D1.6mm_P7.62mm_Horizontal,R,tht
141.859,-74.422,180.0,top,R5,,,R_Axial_DIN0204_L3.6mm_D1.6mm_P7.62mm_Horizontal,R,tht
146.9,-110.0,0.0,top,U1,,,ESP32-Wroom-NodeMCU,ESP32-WROOM-NODEMCU,tht
179.666,-99.332,180.0,top,U2,,,Aosong_DHT11_5.5x12.0_P2.54mm,DHT11,tht
164.7435,-47.77,0.0,top,U3,,,RCWL-0516,~,tht
