﻿Designator,Quantity,Value,Footprint,Package,MPN,DNP,Mount_Type,Description
BZ1,1,Buzzer,Buzzer_12x9.5RM7.6,,,,tht,"Buzzer, polarized"
"J10, J11, J12, J13, J9",5,Conn_01x03_Pin,FanPinHeader_1x03_P2.54mm_Vertical,,,,tht,"Generic connector, single row, 01x03, script generated"
J6,1,Conn_01x04_Pin,JST_XH_B4B-XH-A_1x04_P2.50mm_Vertical,,,,tht,"Generic connector, single row, 01x04, script generated"
J8,1,Conn_01x02,Molex_KK-254_AE-6410-02A_1x02_P2.54mm_Vertical,,,,tht,"Generic connector, single row, 01x02, script generated (kicad-library-utils/schlib/autogen/connector/)"
"R1, R2, R3, R4, R5",5,R,R_Axial_DIN0204_L3.6mm_D1.6mm_P7.62mm_Horizontal,,,,tht,Resistor
U1,1,ESP32-WROOM-NODEMCU,ESP32-Wroom-NodeMCU,,,,tht,
U2,1,DHT11,Aosong_DHT11_5.5x12.0_P2.54mm,,,,tht,"3.3V to 5.5V, temperature and humidity module, DHT11"
U3,1,~,RCWL-0516,,,,tht,
